corruption_rate,adversary_type,aggregator,mean_utility,trimmed_mean_utility,ci_low_utility,ci_high_utility,mean_fairness,trimmed_mean_fairness,ci_low_fairness,ci_high_fairness,mean_worst_group,mean_regret,ci_alpha
0.0,coordinated,confidence_weighted,0.4546232800295114,0.4546837687284698,0.4447242114388385,0.4637758593054371,0.9345704881034913,0.9393914360371476,0.9338689385464132,0.9446440285568491,0.31452704616520216,0.015461690647253024,0.1
0.0,coordinated,ema_trust,0.4546232800295114,0.4546837687284698,0.4447242114388385,0.4637758593054371,0.9345704881034913,0.9393914360371476,0.9338689385464132,0.9446440285568491,0.31452704616520216,0.015461690647253024,0.1
0.0,coordinated,majority_vote,0.45488895015578024,0.45501585638630593,0.44513881528017896,0.4639440843970135,0.9342384648392762,0.9389764069568785,0.9333728611870791,0.9442439164950988,0.3144812936905089,0.015196020520984154,0.1
0.0,coordinated,multiplicative_weights,0.4546232800295114,0.4546837687284698,0.4447242114388385,0.4637758593054371,0.9345704881034913,0.9393914360371476,0.9338689385464132,0.9446440285568491,0.31452704616520216,0.015461690647253024,0.1
0.0,coordinated,oracle,0.47008497067676447,0.46875114436778376,0.46007365445140097,0.47814745523045993,0.9228812245734036,0.9271674492139104,0.9213921119728781,0.9329798838310137,0.30525479261707356,0.0,0.1
0.0,coordinated,oracle_upper_bound,0.45490629333321925,0.4550416659667432,0.44488977598700985,0.4641993038396631,0.9343620508579369,0.9391431937498622,0.9335480211414786,0.9443340842542016,0.3143925816992439,0.015196020520984154,0.1
0.0,coordinated,random_dictator,0.4528129789177227,0.45303006401566215,0.44294585641556417,0.4623292499980142,0.9336090433145453,0.9386317768870768,0.9329185820137897,0.9444832200065221,0.3115115589280659,0.0172719917590417,0.1
0.0,coordinated,self_consistency,0.4556017441260913,0.4551205368188702,0.4452007301537348,0.4640890294363711,0.9348090962433426,0.9396357939855038,0.9341311443773724,0.9450411698805574,0.31533378816542706,0.014483226550673103,0.1
0.0,coordinated,supervisor_rerank,0.45431301783798905,0.45375577370697684,0.44345463993164386,0.46324419558929847,0.9338924373791028,0.9387531123666939,0.9330043686865601,0.9443585224706729,0.3125596405049328,0.01577195283877532,0.1
0.0,coordinated,trimmed_vote,0.4546788849394375,0.4544351128280809,0.4445869111008989,0.4635155050453128,0.9342627250008476,0.9390736380205285,0.933400114062439,0.9443749357460589,0.3142831338892732,0.015406085737326967,0.1
0.0,deceptive,confidence_weighted,0.4478539185303617,0.445274958963137,0.43691701751215506,0.4543148580292223,0.933768791661998,0.9368585409661264,0.9316154516369298,0.9421101139945801,0.30763746881663934,0.012813672362948853,0.1
0.0,deceptive,ema_trust,0.4478539185303617,0.445274958963137,0.43691701751215506,0.4543148580292223,0.933768791661998,0.9368585409661264,0.9316154516369298,0.9421101139945801,0.30763746881663934,0.012813672362948853,0.1
0.0,deceptive,majority_vote,0.4479027811311497,0.44533603721412207,0.43710791563330437,0.45448670045914186,0.9337000477764426,0.9367966378811943,0.9315816077324344,0.9420272295341466,0.30768585509415997,0.012764809762160894,0.1
0.0,deceptive,multiplicative_weights,0.4478539185303617,0.445274958963137,0.43691701751215506,0.4543148580292223,0.933768791661998,0.9368585409661264,0.9316154516369298,0.9421101139945801,0.30763746881663934,0.012813672362948853,0.1
0.0,deceptive,oracle,0.46066759089331055,0.4586357428128364,0.45007318405503005,0.46732746863015173,0.9226957761934983,0.92579991303679,0.919822173027941,0.931562153447358,0.2992580409853681,0.0,0.1
0.0,deceptive,oracle_upper_bound,0.44886024190139173,0.44641335546822314,0.4378852338244975,0.4558823972573019,0.9339363589758486,0.9370233309243658,0.9319722369896583,0.9421591360787125,0.30877098512423035,0.012764809762160894,0.1
0.0,deceptive,random_dictator,0.44895862523951285,0.4468442116365887,0.43886113068348254,0.45571845212291,0.9320776289750625,0.9347887199720611,0.929901120970847,0.9397585401179095,0.30652556575794504,0.011708965653797693,0.1
0.0,deceptive,self_consistency,0.44676881739245616,0.4439491915066,0.43607413426395575,0.45291198601076527,0.9333215957104686,0.9363505770399747,0.9310536152979293,0.9415332047006709,0.30712518020869817,0.01389877350085446,0.1
0.0,deceptive,supervisor_rerank,0.4453587441575635,0.4423052914856445,0.4338738393531725,0.45206908033535415,0.9330957142749824,0.9362491541762672,0.9312831696407279,0.9413485343132713,0.3054502567660765,0.015308846735747133,0.1
0.0,deceptive,trimmed_vote,0.4469294483923473,0.44423665391509404,0.43624397552935523,0.4534516969892159,0.9333050577408547,0.9364274746445009,0.9313590356848636,0.9413903106008923,0.3063355989474138,0.013738142500963288,0.1
0.0,scheduled,confidence_weighted,0.4592026061935583,0.4586169811271274,0.4493778524127286,0.46850903684877576,0.9281674181776621,0.9304638624777901,0.9247079290491583,0.9359893149304909,0.30581927905177264,0.011837849516415746,0.1
0.0,scheduled,ema_trust,0.45937523647819406,0.4589108189937665,0.4496657015876875,0.4685802638717876,0.9284471152886381,0.9308072315622585,0.9250817700882599,0.9362973897812884,0.306578899129127,0.011665219231780023,0.1
0.0,scheduled,majority_vote,0.4592026061935583,0.4586169811271274,0.4493778524127286,0.46850903684877576,0.9281674181776621,0.9304638624777901,0.9247079290491583,0.9359893149304909,0.30581927905177264,0.011837849516415746,0.1
0.0,scheduled,multiplicative_weights,0.4592026061935583,0.4586169811271274,0.4493778524127286,0.46850903684877576,0.9281674181776621,0.9304638624777901,0.9247079290491583,0.9359893149304909,0.30581927905177264,0.011837849516415746,0.1
0.0,scheduled,oracle,0.471040455709974,0.47110277955566604,0.4616708222663259,0.4807869329434631,0.916853899346816,0.9192800133706858,0.9135458401139815,0.9252822120504649,0.2980390261626541,0.0,0.1
0.0,scheduled,oracle_upper_bound,0.45979221645366253,0.4593539939522577,0.4499577464628239,0.46915280043165936,0.9276218058455885,0.9298014291812372,0.9242199957103292,0.9352774611303476,0.305304313031951,0.011837849516415746,0.1
0.0,scheduled,random_dictator,0.45551117824211645,0.4549656332690944,0.4456567282301325,0.4649162404592838,0.9292658504994358,0.9315484624732125,0.926080058299135,0.9369109476458526,0.3045480321991882,0.015529277467857516,0.1
0.0,scheduled,self_consistency,0.45730609624483287,0.4568042679961176,0.4476597410839262,0.46670767242486483,0.9283950427439842,0.930613549746302,0.9249968547899713,0.9360409447073951,0.3061311560621055,0.013734359465141099,0.1
0.0,scheduled,supervisor_rerank,0.45533123430463823,0.45433696405173657,0.445190992066704,0.46451988750612977,0.9268728633539913,0.9291091646727303,0.9234156906710518,0.9346194435236682,0.3026905814959451,0.015709221405335757,0.1
0.0,scheduled,trimmed_vote,0.45801289958682234,0.457445057372742,0.44863789988524827,0.4673052996788595,0.9286105851949601,0.9313365367889981,0.9255039798460016,0.9368825439264415,0.30648829547692147,0.013027556123151644,0.1
0.0,selfish,confidence_weighted,0.448771284106803,0.44921753345067456,0.43796843155096105,0.45902575412478097,0.9303767445073606,0.932755526124387,0.9270148708418867,0.9381662178868132,0.30401797374782125,0.016903458568456195,0.1
0.0,selfish,ema_trust,0.448771284106803,0.44921753345067456,0.43796843155096105,0.45902575412478097,0.9303767445073606,0.932755526124387,0.9270148708418867,0.9381662178868132,0.30401797374782125,0.016903458568456195,0.1
0.0,selfish,majority_vote,0.4494548973664078,0.44987849086999,0.4386860377991681,0.45968129664827795,0.9302617448759585,0.9328260036531134,0.9270521159161088,0.9382714672019237,0.3043912340796717,0.01621984530885132,0.1
0.0,selfish,multiplicative_weights,0.448771284106803,0.44921753345067456,0.43796843155096105,0.45902575412478097,0.9303767445073606,0.932755526124387,0.9270148708418867,0.9381662178868132,0.30401797374782125,0.016903458568456195,0.1
0.0,selfish,oracle,0.4656747426752591,0.46639850151500245,0.45637108882521316,0.47547131525645714,0.9213414872316689,0.9242955336046019,0.918198773265375,0.9302968181013119,0.30042376555061057,0.0,0.1
0.0,selfish,oracle_upper_bound,0.4502315965016513,0.45046414349071223,0.4395605686276378,0.4602893064894933,0.9304168875683985,0.9328361140970788,0.9270205246912412,0.9382471710302293,0.3050381197960069,0.01621984530885132,0.1
0.0,selfish,random_dictator,0.44742834220083266,0.4484875155711851,0.43732794715390744,0.4586932231346267,0.92977491663009,0.9320948068801023,0.9264430967407279,0.9373976749202751,0.3021762633167414,0.018246400474426466,0.1
0.0,selfish,self_consistency,0.4501521955699664,0.4508733607503602,0.43973693564339195,0.46072195927538623,0.9306687987833112,0.9329025802331588,0.9272085458245388,0.9381452034938552,0.3056632799823415,0.01552254710529265,0.1
0.0,selfish,supervisor_rerank,0.44689529512219195,0.4475215544690969,0.43602832076439174,0.45766767242660705,0.9283629440065938,0.930960142851197,0.925094847799243,0.9365078171652698,0.30080783741003164,0.018779447553067194,0.1
0.0,selfish,trimmed_vote,0.45030188368461105,0.4501092284873862,0.4384979335874869,0.46012589281888644,0.9298702260537332,0.9321972873312214,0.9264950370563168,0.9374840535603168,0.3053313107884609,0.015372858990648122,0.1
0.25,coordinated,confidence_weighted,0.4546937261741624,0.45528683366907685,0.44551678699329483,0.4642214618842908,0.9348808438444998,0.9378263144448397,0.9330786611578822,0.9423458812158491,0.31040416393557513,0.015580535784523923,0.1
0.25,coordinated,ema_trust,0.45464071070356893,0.45522056433083496,0.44546056334844514,0.4641204560938313,0.9348622484975809,0.937803070261191,0.9330765220266296,0.942300525927594,0.31066765144917924,0.01563355125511745,0.1
0.25,coordinated,majority_vote,0.4542780397511612,0.4550863631125893,0.4451096167377611,0.4641699786211547,0.9354659779278982,0.9385577320490878,0.9339178544530011,0.9432127622286723,0.31136489327957995,0.01599622220752514,0.1
0.25,coordinated,multiplicative_weights,0.45490030951486704,0.45528683366907685,0.44551678699329483,0.4642531160574636,0.9348275831247466,0.9377597385451482,0.9330432012216345,0.9422503342420965,0.3102079255870594,0.015373952443819321,0.1
0.25,coordinated,oracle,0.4702742619586864,0.469891506859424,0.46104220518028927,0.4781995381584167,0.9204678667042993,0.9230680308501015,0.9172319121130296,0.9285935203742323,0.30132644748455467,0.0,0.1
0.25,coordinated,oracle_upper_bound,0.4555874166180506,0.45610049371610567,0.4465257584138522,0.46509894950812924,0.9351933444999858,0.9384875116385029,0.9337224025513671,0.9430477389427628,0.31191727153256776,0.01599622220752514,0.1
0.25,coordinated,random_dictator,0.44946997774670794,0.45055834518819593,0.4408933985147736,0.4589761147697009,0.9320449017083735,0.9354110454770652,0.9302262919983237,0.940560090201779,0.304347927180393,0.02080428421197845,0.1
0.25,coordinated,self_consistency,0.456233452030726,0.45702367533538474,0.44749653151837965,0.46581274036818177,0.9346469050898198,0.9377719958585026,0.9329794486338575,0.9425532787714102,0.31125738005354003,0.014040809927960349,0.1
0.25,coordinated,supervisor_rerank,0.452922366478192,0.4532841158613937,0.44408399867756704,0.46184266247902583,0.9332304295976374,0.93588765787775,0.9311070886304978,0.940548358262627,0.3060087986056353,0.017351895480494366,0.1
0.25,coordinated,trimmed_vote,0.45557049081960266,0.45598997481741455,0.4462488155329677,0.4648838598520985,0.9351338253724149,0.9383333942842601,0.9336465994693183,0.9430114893640243,0.31146431507644395,0.014703771139083716,0.1
0.25,deceptive,confidence_weighted,0.4462786478809889,0.4457383894819512,0.435838754521476,0.4553886874721588,0.9298813184732851,0.9334766132532974,0.9279971821752006,0.9389110038235777,0.30044433426268125,0.01967908581144465,0.1
0.25,deceptive,ema_trust,0.44696370630916393,0.4463362789166842,0.4364015039320257,0.4560002822524409,0.929599517371532,0.9332526124279719,0.9278848810331716,0.9386731245629337,0.30029213949142625,0.018994027383269697,0.1
0.25,deceptive,majority_vote,0.4457768908854923,0.4451111932375805,0.4353420407909314,0.45486737015605755,0.9301443342905436,0.9338391180597163,0.9283272648267263,0.9391006749675638,0.30063522013643124,0.020180842806941202,0.1
0.25,deceptive,multiplicative_weights,0.4467913540125047,0.4463621306841408,0.43653585461730127,0.45574469571179,0.9295755285497665,0.9334278848765003,0.9279340908595264,0.9389110038235777,0.30033376812249224,0.019166379679928833,0.1
0.25,deceptive,oracle,0.4659577336924336,0.46703285565924624,0.457393263168393,0.4759138175305999,0.9144816384277544,0.9173233233158982,0.91109684305445,0.9234225864538613,0.2896231172978808,0.0,0.1
0.25,deceptive,oracle_upper_bound,0.4467115297755921,0.44602105824971955,0.4360657154853515,0.4557271732848163,0.9301023731176125,0.9337866665935521,0.9283045764782806,0.9390543319351078,0.3008555290434097,0.020180842806941202,0.1
0.25,deceptive,random_dictator,0.44229094489373966,0.4417614601265541,0.4316211635530916,0.45154576129560337,0.926554384060407,0.9302780329062704,0.9245846531892782,0.9358186201352103,0.29316695266349657,0.023666788798693945,0.1
0.25,deceptive,self_consistency,0.4453717423176134,0.4446899400764951,0.43467638421887345,0.45439350266398565,0.9297953190551874,0.9333919903507407,0.9280171792818382,0.9387451642211107,0.29954205331532163,0.020585991374820072,0.1
0.25,deceptive,supervisor_rerank,0.446868874274914,0.44605391237228204,0.43597204332981654,0.4551959130870061,0.9282536313222,0.9318531863874598,0.9263562923794489,0.9374639796472617,0.2986862484781713,0.01908885941751951,0.1
0.25,deceptive,trimmed_vote,0.4471221081601973,0.4467755733687566,0.4368798617804222,0.4560682899768187,0.9295716999479946,0.9334230991242854,0.9279338515719155,0.9389064573589736,0.30056524863825906,0.018835625532236232,0.1
0.25,scheduled,confidence_weighted,0.4537874860420569,0.4542216242549274,0.44312247327186893,0.466200037330618,0.9314663859851288,0.9347628666849044,0.9287677504061299,0.9406365396328449,0.3140245678252406,0.01663054360657185,0.1
0.25,scheduled,ema_trust,0.4539981580269032,0.45448496423598533,0.44328024384298564,0.4664421837342299,0.9317403220353009,0.9350594659793874,0.9293307230964677,0.9410308063563366,0.3145163576302512,0.016419871621725545,0.1
0.25,scheduled,majority_vote,0.45396624169264305,0.45444506881816016,0.44339376414839904,0.46652512000958823,0.9312444942038085,0.9344855019582541,0.9286059728819999,0.9403798217469075,0.3138606547612415,0.01645178795598567,0.1
0.25,scheduled,multiplicative_weights,0.45392853437907965,0.4542216242549274,0.44312247327186893,0.466200037330618,0.9313797400192015,0.9346545592274955,0.9286682848637298,0.9406069839226344,0.31374969843256223,0.016489495269549032,0.1
0.25,scheduled,oracle,0.47041802964862867,0.4721072015191691,0.46131845474441546,0.48317361263542624,0.9143321119130442,0.9172540161730035,0.910228636475176,0.9239497954822217,0.2979626752247605,0.0,0.1
0.25,scheduled,oracle_upper_bound,0.45497905324535226,0.4554004990265845,0.4442408160359179,0.4671902874450133,0.9310398334015616,0.9342675009750572,0.9283654143130081,0.9402391745651439,0.31388426999257013,0.01645178795598567,0.1
0.25,scheduled,random_dictator,0.4527020912526889,0.4525309127087995,0.44203370668218894,0.4636022043360457,0.9313359466946316,0.934388761795196,0.9284579658931054,0.9402940420661765,0.31217012942599504,0.017715938395939778,0.1
0.25,scheduled,self_consistency,0.4527927283385088,0.4533362412458433,0.4422726384397825,0.4651719123411103,0.9313268202752804,0.9346146159186066,0.9287528772602085,0.9405572799535543,0.31329349292443565,0.017625301310119808,0.1
0.25,scheduled,supervisor_rerank,0.4517865990588549,0.4521321505641708,0.4409643707138404,0.4636199842032479,0.9298230351272491,0.932708768146675,0.9269184913844803,0.9386797453085564,0.30963029646459156,0.01863143058977378,0.1
0.25,scheduled,trimmed_vote,0.45358866612532966,0.4537266904537721,0.44238907967195135,0.4655283188425456,0.9312446690824507,0.9342812545417299,0.9284848387683082,0.9400229021599609,0.31344264006441647,0.01682936352329906,0.1
0.25,selfish,confidence_weighted,0.4422082322029485,0.44297566834438884,0.4326512819664044,0.45251324143140387,0.9285801266094801,0.9315869777140253,0.9258224712193419,0.9371386253783496,0.2993987395427304,0.012938225788810098,0.1
0.25,selfish,ema_trust,0.44244416498685063,0.4430448295542286,0.4326549419334819,0.45253573543295067,0.9282260926297997,0.9313970406491034,0.9257016547776497,0.9370122854300875,0.29911102144570867,0.012702293004908018,0.1
0.25,selfish,majority_vote,0.44225027762562535,0.4428024703526969,0.432444464926839,0.4524050925282168,0.9285648924884725,0.9315715135991922,0.925820151602117,0.9371370789668663,0.29926693011968836,0.012896180366133348,0.1
0.25,selfish,multiplicative_weights,0.4422082322029485,0.44297566834438884,0.4326512819664044,0.45251324143140387,0.9285801266094801,0.9315869777140253,0.9258224712193419,0.9371386253783496,0.2993987395427304,0.012938225788810098,0.1
0.25,selfish,oracle,0.4551464579917587,0.4554983930748383,0.44610312043381384,0.46433836005607204,0.9155008144374367,0.9188992180801613,0.9126537974786066,0.9250946523425702,0.28902089620545435,0.0,0.1
0.25,selfish,oracle_upper_bound,0.44284007641393586,0.44340956736900117,0.4332076351859194,0.45289208114684326,0.9279998210159244,0.930986393538672,0.925252887997149,0.9366728477135721,0.29899674876084387,0.012896180366133348,0.1
0.25,selfish,random_dictator,0.4401186391154887,0.4407233085387373,0.4305586163953837,0.45071694747812,0.9272221496915679,0.930444642267673,0.9247884015307365,0.9361809872918951,0.2959877854400922,0.015027818876269878,0.1
0.25,selfish,self_consistency,0.4415483246326744,0.44210279000804853,0.43198708299537036,0.4518411959621858,0.9283307496291445,0.9316064739899048,0.9257838447947209,0.9369801080339587,0.2984508650378157,0.013598133359084193,0.1
0.25,selfish,supervisor_rerank,0.4406538748233865,0.4412009082620876,0.43082442889556394,0.45117009800785335,0.9275791589570683,0.9310046599433301,0.9252910726559498,0.9367228713189507,0.2963713415547345,0.014492583168372137,0.1
0.25,selfish,trimmed_vote,0.44272382751633016,0.4433671153210648,0.43318303016223597,0.4529864178825413,0.9279396178267223,0.9307899202720042,0.9250362997068399,0.9364699643630378,0.2990153727454175,0.012422630475428478,0.1
0.5,coordinated,confidence_weighted,0.4503269394361076,0.4510701117959902,0.441821441320651,0.4607064792624687,0.9296344478874278,0.9325901534554524,0.9272992268504578,0.9382809499800691,0.30505980560144896,0.015236329454827321,0.1
0.5,coordinated,ema_trust,0.4448171532461395,0.4455828521239165,0.43569759891465026,0.4552836775576711,0.9310751641374069,0.9341012375156504,0.929071545295784,0.9395922858653306,0.30313482387414464,0.02074611564479545,0.1
0.5,coordinated,majority_vote,0.4418816893932892,0.442622408926247,0.4324855204059887,0.45241161731770135,0.9300562384335095,0.9333559836354702,0.9280036609315314,0.9389408247851081,0.3007426757975522,0.02368157949764579,0.1
0.5,coordinated,multiplicative_weights,0.45146483344738336,0.4523405398112391,0.4429405542306566,0.4615920340127211,0.9278197719665334,0.9305899600128462,0.9250876381036002,0.9363379970894453,0.3036172001110937,0.01409843544355155,0.1
0.5,coordinated,oracle,0.46556326889093497,0.4669734917396534,0.4582045446617839,0.4766470893216085,0.9185250692311127,0.9201067371092428,0.9144176769852261,0.9260878919697687,0.29760938903681217,0.0,0.1
0.5,coordinated,oracle_upper_bound,0.4418276638406027,0.4425087267819709,0.43212058065527936,0.45234758456154656,0.9303065133787496,0.9333596101189565,0.9280098239622716,0.9389722487250927,0.30094632310601976,0.02368157949764579,0.1
0.5,coordinated,random_dictator,0.43292273359478756,0.4339556345224822,0.4251915509446325,0.44296333559857753,0.9261682569791376,0.929213491526737,0.923263717370318,0.9351853408693533,0.28871162980514664,0.03264053529614738,0.1
0.5,coordinated,self_consistency,0.4344901142883132,0.43552835611476637,0.425747334708283,0.44513328069337077,0.9286691365670281,0.9314101785121804,0.9256970742979685,0.937335060837516,0.2934916877227049,0.031073154602621705,0.1
0.5,coordinated,supervisor_rerank,0.45355081164040484,0.4538162774697773,0.4444344163034565,0.4630547554097913,0.9269192057339928,0.929356589559862,0.9236841504331407,0.9351231745064794,0.30380904681075416,0.01201245725053012,0.1
0.5,coordinated,trimmed_vote,0.4481998326169412,0.44845317729851253,0.43918465238973176,0.457707050003371,0.9304736465710952,0.9333157177606195,0.9283503449703335,0.9388771230247145,0.3042664448067094,0.017363436273993785,0.1
0.5,deceptive,confidence_weighted,0.44657137576820544,0.4439279186049291,0.4351466260144294,0.4539548848481525,0.9324141401254766,0.9349702518006954,0.9296958725468213,0.9400642504429629,0.3068422893554098,0.019631854434892775,0.1
0.5,deceptive,ema_trust,0.4448960610401535,0.4422779840767119,0.43346691171134805,0.45228099678994077,0.9318765053072707,0.9345038408401422,0.9291806260361307,0.9397048804682051,0.30563831713929984,0.02130716916294474,0.1
0.5,deceptive,majority_vote,0.43971119176719725,0.4370266588785584,0.4285473439465593,0.4467121819575512,0.931881664695179,0.934593130424911,0.9292527596830378,0.9398600983572986,0.302184726874142,0.02649203843590098,0.1
0.5,deceptive,multiplicative_weights,0.448101184621009,0.4454064852285651,0.43649757725817234,0.45546579340688415,0.9319060759480865,0.9345619282071673,0.9292671502852726,0.9396396049124894,0.307675290608536,0.018102045582089242,0.1
0.5,deceptive,oracle,0.4662032302030983,0.46425897133411037,0.4551832628405785,0.4734561693379868,0.9191208905815833,0.9221993613124895,0.916415212078316,0.9277665807041954,0.29900798618389507,0.0,0.1
0.5,deceptive,oracle_upper_bound,0.44315738096994706,0.44073575040632795,0.4319030018124364,0.45093652789047595,0.929989446256885,0.9328877327094908,0.9274474113008937,0.938214696253276,0.3013477038749977,0.02649203843590098,0.1
0.5,deceptive,random_dictator,0.4331661851014655,0.4307785950509821,0.4216508753092661,0.44042484309472973,0.9293911677910169,0.9321156056732736,0.9262822022463896,0.9375273221622867,0.29411731163698507,0.033037045101632787,0.1
0.5,deceptive,self_consistency,0.4398784960294239,0.4370902934925466,0.4283422101950859,0.44655611162498665,0.9313248797971019,0.9338101992877202,0.9284560404499166,0.9391059703700358,0.3011509288180956,0.02632473417367436,0.1
0.5,deceptive,supervisor_rerank,0.44815058027936344,0.44515321444863193,0.4363689509681725,0.4551625244984236,0.9306180552532287,0.932621290243722,0.9274694394021872,0.9377923479420478,0.305745411690735,0.01805264992373479,0.1
0.5,deceptive,trimmed_vote,0.4459362433286742,0.4424925751023029,0.43396065993878197,0.45244280738220477,0.9322482412095533,0.9350833514991248,0.9297392665731621,0.9400927188796834,0.30713216180567726,0.02026698687442404,0.1
0.5,scheduled,confidence_weighted,0.44998982146798105,0.44888634335773336,0.43867587936204594,0.4588168341051453,0.9380734436866962,0.9423079286338407,0.937054894452389,0.9473068949021721,0.3180599382983972,0.018397588062021367,0.1
0.5,scheduled,ema_trust,0.4469243091880024,0.44505445300776003,0.43492821895631023,0.4550204281490835,0.9390519440096523,0.9429744924710384,0.9376060333314121,0.9480870608899904,0.3180832632723558,0.02146310034200003,0.1
0.5,scheduled,majority_vote,0.44360253605838307,0.4422387989647776,0.43206450811375724,0.45252867502458877,0.9377854182970925,0.9418935710402152,0.9363047360737189,0.9473324434810463,0.314373245279054,0.024784873471619406,0.1
0.5,scheduled,multiplicative_weights,0.44982480573155015,0.44868007368719465,0.43833125055559724,0.4586746076203996,0.9381924428271479,0.9424566775594055,0.9372051853258435,0.9475198249388217,0.31815168677242434,0.018562603798452326,0.1
0.5,scheduled,oracle,0.46838740953000246,0.4661730735221754,0.4562203991309758,0.4760424416905747,0.9241249967568227,0.9290483003491523,0.9225889288200542,0.9350877346602947,0.3081784519507121,0.0,0.1
0.5,scheduled,oracle_upper_bound,0.4449799137368619,0.44352823926672685,0.4332357235555762,0.4535660787845789,0.9388112738235782,0.942805521499654,0.9374039558901863,0.948012620467347,0.31606981203566553,0.024784873471619406,0.1
0.5,scheduled,random_dictator,0.43962095012980407,0.43621991629585166,0.425657251795027,0.44733162247992136,0.9336926408361923,0.9375472642042407,0.9321231997398739,0.9431152247146465,0.3032905243709339,0.028766459400198393,0.1
0.5,scheduled,self_consistency,0.4395532444641557,0.43844201440867875,0.42808285736695206,0.4490823673004673,0.9364004619472519,0.940354567408523,0.9349515913928677,0.9458886511517095,0.3090369704980058,0.028834165065846767,0.1
0.5,scheduled,supervisor_rerank,0.4532113969297461,0.451630569241531,0.4415785748178025,0.4621660342665883,0.9364005027499255,0.9408631254543078,0.9352915124048028,0.9463347498811276,0.3179038665165687,0.01517601260025641,0.1
0.5,scheduled,trimmed_vote,0.4468683056615085,0.44495036128582727,0.4348028319526024,0.45522417024767653,0.9390142635168585,0.9429438722909037,0.9377415460429522,0.9481133407387399,0.3183435248741187,0.021519103868494042,0.1
0.5,selfish,confidence_weighted,0.45408671264556943,0.4546516013969025,0.4456195186158592,0.46363249640105797,0.9314315132082105,0.9354419170996412,0.9292862566474677,0.9411230480993362,0.3089409944583001,0.011973128691611372,0.1
0.5,selfish,ema_trust,0.45433482017527993,0.45496173580904065,0.44579844429469695,0.4639426308131961,0.9312203806846676,0.935211216061522,0.9290446588242661,0.9410383981047507,0.30882335948576284,0.011725021161900889,0.1
0.5,selfish,majority_vote,0.4542868595356574,0.4549017850095125,0.4456888006318468,0.4638417617077089,0.9313847053599247,0.9354050455790034,0.9292842078541079,0.941267760706368,0.30924823912124455,0.011772981801523405,0.1
0.5,selfish,multiplicative_weights,0.45364124349465684,0.4540947649582618,0.4449531783363377,0.4631045373973808,0.9318190944103338,0.9360482446009712,0.9300175095204741,0.9415735077403555,0.3091483283297798,0.012418597842524002,0.1
0.5,selfish,oracle,0.4660598413371808,0.46652962669056686,0.45766906721864187,0.4753103344171939,0.9193279648564665,0.9221879192171079,0.9157353493460507,0.9284567873865308,0.29824300069409454,0.0,0.1
0.5,selfish,oracle_upper_bound,0.4545399216673624,0.4548301234609646,0.4458541119860467,0.4636400271620149,0.9312365712290045,0.9352198779153529,0.9289477783570558,0.9407806790546132,0.30898061810215455,0.011772981801523405,0.1
0.5,selfish,random_dictator,0.45092509977374184,0.4513928324591083,0.4418965734661727,0.4609250722787772,0.930555132319364,0.9343962152570715,0.928240160173126,0.94006713708215,0.3056493606509797,0.015134741563438983,0.1
0.5,selfish,self_consistency,0.45314356659887933,0.45359228449600675,0.44385346765663497,0.4630545521952348,0.931885708324526,0.9354018194593987,0.9296585350208948,0.9410385154179347,0.30898293623860285,0.012916274738301542,0.1
0.5,selfish,supervisor_rerank,0.44971831114505284,0.4502734232349381,0.44064397664975724,0.4601370046392173,0.9338016735119419,0.937587679664798,0.9317686152109929,0.9429758069114171,0.30905288509171874,0.01634153019212793,0.1
0.5,selfish,trimmed_vote,0.45237918034425634,0.4523718613698895,0.4434109476438781,0.4611892761877343,0.9321167038994495,0.9362913631566145,0.9303573800536409,0.9420194774231211,0.30926871027694225,0.01368066099292446,0.1
0.75,coordinated,confidence_weighted,0.3694984261744091,0.3710076309693469,0.363080320790547,0.37907030216691723,0.9198777090306884,0.9222050162134426,0.9159325730177115,0.9285642053214564,0.2362246379193048,0.09135542443421132,0.1
0.75,coordinated,ema_trust,0.3688183317609625,0.3706354760477081,0.36294657382339574,0.3785068802386122,0.9202770711131311,0.9225878715218709,0.9163036625263491,0.9290587586281128,0.23647581916412325,0.09203551884765798,0.1
0.75,coordinated,majority_vote,0.3694673743249811,0.3709688161575619,0.36304546863722015,0.379068361426328,0.9199156526881487,0.9222524457852679,0.915951577644397,0.9286147502277228,0.23602055569374575,0.09138647628363934,0.1
0.75,coordinated,multiplicative_weights,0.4240823987470256,0.42309938477529885,0.4140633478784382,0.43230564429766327,0.9285954519028574,0.9317820951707259,0.9261887679655637,0.9375745507104527,0.2864082151751628,0.03677145186159481,0.1
0.75,coordinated,oracle,0.46085385060862044,0.4614843480260227,0.45358809062314515,0.47042300503421797,0.9182894099786943,0.921368808407351,0.9148767608058356,0.9274587401355375,0.29307818062127156,0.0,0.1
0.75,coordinated,oracle_upper_bound,0.37494019294953146,0.3749740817094144,0.36702336322483997,0.3833635708720219,0.921741676597639,0.9240723203650123,0.9179369412361559,0.9304128944541344,0.2423393635960892,0.09138647628363934,0.1
0.75,coordinated,random_dictator,0.39860942230450164,0.3987393466118362,0.3899815601786281,0.4080346148378555,0.9267180636943593,0.9299241294096072,0.9242666282789309,0.9355226744841091,0.26509315278435513,0.062244428304118846,0.1
0.75,coordinated,self_consistency,0.3694673743249811,0.3709688161575619,0.36304546863722015,0.379068361426328,0.9199156526881487,0.9222524457852679,0.915951577644397,0.9286147502277228,0.23602055569374575,0.09138647628363934,0.1
0.75,coordinated,supervisor_rerank,0.4476136770240863,0.44757654134620023,0.43876448883321695,0.45730354186298394,0.9317980247781044,0.9345134250594345,0.9288950892121081,0.9397219354945443,0.30515150437953864,0.013240173584534167,0.1
0.75,coordinated,trimmed_vote,0.36991914530514963,0.3712127175626388,0.363356893627071,0.37941390385640045,0.9209504404970772,0.9230841166452178,0.9169610978484833,0.9294122227850125,0.2372485718673287,0.09093470530347085,0.1
0.75,deceptive,confidence_weighted,0.39596358168093543,0.3933939645180246,0.38293092976647863,0.4040281957268415,0.92426102397471,0.9274231691785311,0.9211595453301453,0.9330266513866224,0.259378033219678,0.07371035381027101,0.1
0.75,deceptive,ema_trust,0.38502560710839445,0.3834720044853931,0.3725944115414793,0.394211115332915,0.9234519964962373,0.9264294875738563,0.9201553178832177,0.9324095818460582,0.2512332406576214,0.084648328382812,0.1
0.75,deceptive,majority_vote,0.38471336756395985,0.3830817050548499,0.37235614409394624,0.39370122958570625,0.9229790703970728,0.9258443311595321,0.9195531146171225,0.9319244608697206,0.25037718548399723,0.08496056792724659,0.1
0.75,deceptive,multiplicative_weights,0.43243737353848616,0.4309718961888381,0.41930422711507426,0.44187739370106693,0.9331989653168524,0.9372621708831025,0.9317772659236658,0.9425703015274841,0.2965883216576367,0.03723656195272027,0.1
0.75,deceptive,oracle,0.46967393549120645,0.47131970134985757,0.46150410522812285,0.4802236514959458,0.921474211811357,0.9247779459700473,0.9185386552743732,0.9302134544738536,0.30086861326034103,0.0,0.1
0.75,deceptive,oracle_upper_bound,0.38888701292724437,0.38704084746313355,0.3757977594356818,0.39746190844588014,0.9252367949673024,0.9282713639543001,0.9218941172580734,0.934121069467275,0.25510458838640565,0.08496056792724659,0.1
0.75,deceptive,random_dictator,0.41549319689297703,0.4159917698343342,0.40511845573662586,0.4266017559633478,0.9279511331054903,0.931490309024913,0.9255158549809145,0.9373355574913389,0.2775544625444825,0.05418073859822937,0.1
0.75,deceptive,self_consistency,0.3882809478713093,0.3872178337172846,0.3771823320785368,0.3970097507505258,0.9246251733003734,0.9276453407937708,0.921494149486627,0.9334953076473724,0.25412981579711463,0.08139298761989715,0.1
0.75,deceptive,supervisor_rerank,0.45386852627257407,0.45452371974714956,0.4436043776818141,0.46530957972093406,0.9353781743402163,0.9387280806379934,0.9336169600737745,0.9435734256605028,0.31239683336963464,0.015805409218632393,0.1
0.75,deceptive,trimmed_vote,0.3847860604723949,0.383089326625785,0.37243019565481705,0.39348456699469153,0.9227939291148527,0.9258291186603248,0.9195678394837064,0.9319181429910943,0.2501441063011658,0.08488787501881155,0.1
0.75,scheduled,confidence_weighted,0.3961132334621659,0.3932614007756029,0.38283154725117724,0.40393201068231455,0.9228205411551627,0.9241000411058715,0.9186328649723455,0.9296409967881089,0.2578949300626284,0.06485141908510447,0.1
0.75,scheduled,ema_trust,0.3961132334621659,0.3932614007756029,0.38283154725117724,0.40393201068231455,0.9228205411551627,0.9241000411058715,0.9186328649723455,0.9296409967881089,0.2578949300626284,0.06485141908510447,0.1
0.75,scheduled,majority_vote,0.3961132334621659,0.3932614007756029,0.38283154725117724,0.40393201068231455,0.9228205411551627,0.9241000411058715,0.9186328649723455,0.9296409967881089,0.2578949300626284,0.06485141908510447,0.1
0.75,scheduled,multiplicative_weights,0.4216363199307078,0.42068556148257025,0.40939908012821535,0.4313657730016621,0.9273329791902727,0.929544408450887,0.9242226858974266,0.934940922362945,0.28309498037797765,0.03932833261656261,0.1
0.75,scheduled,oracle,0.4609646525472704,0.46066672558497945,0.4515871677238706,0.46965067814688743,0.9174146982268269,0.9200015172081999,0.913999121233394,0.926115502613764,0.29262732720222906,0.0,0.1
0.75,scheduled,oracle_upper_bound,0.39926233153575724,0.3968821328135616,0.38645865774471083,0.407260725434836,0.9248231109240314,0.9260856819511936,0.9206962386675184,0.9313847098489422,0.2631175795257902,0.06485141908510447,0.1
0.75,scheduled,random_dictator,0.4177248873369942,0.41628352756395215,0.4057158997525436,0.4266021167982918,0.9276802129398081,0.930043566970307,0.9244404571922068,0.9354005853692035,0.2812263040811869,0.04323976521027626,0.1
0.75,scheduled,self_consistency,0.3958771795047496,0.39296633332883246,0.3828134356622767,0.40348519719876036,0.9228014334429815,0.9241086956626253,0.9186581266874227,0.9296778568487167,0.25769687092396476,0.06508747304252084,0.1
0.75,scheduled,supervisor_rerank,0.4404414356057396,0.4405596066654396,0.4303308505348572,0.4496671376877135,0.9306608563271013,0.9336516967059904,0.9281853585750713,0.9389843597263756,0.29981676219512265,0.02052321694153079,0.1
0.75,scheduled,trimmed_vote,0.3964873337136967,0.3937574986568056,0.38356872380572404,0.40427793008408935,0.9239624078561435,0.925259554076769,0.9199542116517406,0.9303766460927628,0.2597793014492549,0.06447731883357369,0.1
0.75,selfish,confidence_weighted,0.4533180412780438,0.4514901694263556,0.4419045237278823,0.4617227198051857,0.9353729512477074,0.9394075676477189,0.9342137971837974,0.9443755988860576,0.31509191194879926,0.009300405176830964,0.1
0.75,selfish,ema_trust,0.4533180412780438,0.4514901694263556,0.4419045237278823,0.4617227198051857,0.9353729512477074,0.9394075676477189,0.9342137971837974,0.9443755988860576,0.31509191194879926,0.009300405176830964,0.1
0.75,selfish,majority_vote,0.4533180412780438,0.4514901694263556,0.4419045237278823,0.4617227198051857,0.9353729512477074,0.9394075676477189,0.9342137971837974,0.9443755988860576,0.31509191194879926,0.009300405176830964,0.1
0.75,selfish,multiplicative_weights,0.4533180412780438,0.4514901694263556,0.4419045237278823,0.4617227198051857,0.9353729512477074,0.9394075676477189,0.9342137971837974,0.9443755988860576,0.31509191194879926,0.009300405176830964,0.1
0.75,selfish,oracle,0.46261844645487477,0.4611875696412847,0.4519613969177121,0.47091029831746894,0.9241852246055102,0.9281982496177499,0.9222116416721204,0.9339777970683913,0.304123150028705,0.0,0.1
0.75,selfish,oracle_upper_bound,0.4546102984472175,0.4527669545027394,0.44310377289645675,0.463409988925533,0.935774399141181,0.939707948489041,0.9347301329004218,0.9445101851531501,0.31584422492762276,0.009300405176830964,0.1
0.75,selfish,random_dictator,0.4491883911079249,0.44628633965471415,0.43660141379308515,0.4564277780282971,0.9352486253694045,0.939838890284675,0.9344512351166279,0.9450886458014354,0.3124925757244905,0.013430055346949871,0.1
0.75,selfish,self_consistency,0.4533180412780438,0.4514901694263556,0.4419045237278823,0.4617227198051857,0.9353729512477074,0.9394075676477189,0.9342137971837974,0.9443755988860576,0.31509191194879926,0.009300405176830964,0.1
0.75,selfish,supervisor_rerank,0.44918273532160524,0.4472070105972449,0.4380145061096529,0.4571862793651606,0.9350822125407418,0.9389524265209491,0.9333601829574866,0.9439962389979372,0.3126884146805629,0.01343571113326953,0.1
0.75,selfish,trimmed_vote,0.45280886421622674,0.45050794120821935,0.4411208765403259,0.4608756117652591,0.9359749054791212,0.9403864401015612,0.9351628817548404,0.9453249046513452,0.31605512133484254,0.009809582238648007,0.1
